date_lab_plate	Title	Date	Lab	Plate
2023-01-11_Demengeot_plate_1	2023-01-11 plate_1	2023-01-11	Demengeot	plate_1
2023-01-11_Demengeot_plate_2	2023-01-11 plate_2	2023-01-11	Demengeot	plate_2
2023-01-11_Demengeot_plate_3	2023-01-11 plate_3	2023-01-11	Demengeot	plate_3
2023-01-11_Demengeot_plate_4	2023-01-11 plate_4	2023-01-11	Demengeot	plate_4
2023-01-11_Demengeot_plate_5	2023-01-11 plate_5	2023-01-11	Demengeot	plate_5
2023-01-17_Demengeot_plate_1	2023-01-17 plate_1	2023-01-17	Demengeot	plate_1
2023-01-17_Demengeot_plate_2	2023-01-17 plate_2	2023-01-17	Demengeot	plate_2
2023-01-17_Demengeot_plate_3	2023-01-17 plate_3	2023-01-17	Demengeot	plate_3
2023-01-17_Demengeot_plate_4	2023-01-17 plate_4	2023-01-17	Demengeot	plate_4
2023-01-17_Demengeot_plate_5	2023-01-17 plate_5	2023-01-17	Demengeot	plate_5
2023-01-17_Demengeot_plate_6	2023-01-17 plate_6	2023-01-17	Demengeot	plate_6
2023-01-24_Demengeot_plate_1	2023-01-24 plate_1	2023-01-24	Demengeot	plate_1
2023-01-24_Demengeot_plate_2	2023-01-24 plate_2	2023-01-24	Demengeot	plate_2
2023-01-24_Demengeot_plate_3	2023-01-24 plate_3	2023-01-24	Demengeot	plate_3
2023-01-24_Demengeot_plate_4	2023-01-24 plate_4	2023-01-24	Demengeot	plate_4
2023-01-24_Demengeot_plate_5	2023-01-24 plate_5	2023-01-24	Demengeot	plate_5
2023-01-24_Demengeot_plate_6	2023-01-24 plate_6	2023-01-24	Demengeot	plate_6
2023-02-14_Demengeot_plate_1	2023-02-14 plate_1	2023-02-14	Demengeot	plate_1
2023-02-14_Demengeot_plate_2	2023-02-14 plate_2	2023-02-14	Demengeot	plate_2
2023-02-14_Demengeot_plate_3	2023-02-14 plate_3	2023-02-14	Demengeot	plate_3
2023-02-14_Demengeot_plate_4	2023-02-14 plate_4	2023-02-14	Demengeot	plate_4
2023-03-05_Demengeot_plate_1	2023-03-05 plate_1	2023-03-05	Demengeot	plate_1
2023-03-05_Demengeot_plate_2	2023-03-05 plate_2	2023-03-05	Demengeot	plate_2
2023-03-05_Demengeot_plate_3	2023-03-05 plate_3	2023-03-05	Demengeot	plate_3
2023-03-05_Demengeot_plate_4	2023-03-05 plate_4	2023-03-05	Demengeot	plate_4
2023-03-05_Demengeot_plate_5	2023-03-05 plate_5	2023-03-05	Demengeot	plate_5
2023-03-05_Demengeot_plate_6	2023-03-05 plate_6	2023-03-05	Demengeot	plate_6
2023-03-05_Demengeot_plate_7	2023-03-05 plate_7	2023-03-05	Demengeot	plate_7
2023-03-10_Demengeot_plate_1	2023-03-10 plate_1	2023-03-10	Demengeot	plate_1
2023-03-10_Demengeot_plate_2	2023-03-10 plate_2	2023-03-10	Demengeot	plate_2
2023-03-10_Demengeot_plate_3	2023-03-10 plate_3	2023-03-10	Demengeot	plate_3
2023-03-10_Demengeot_plate_4	2023-03-10 plate_4	2023-03-10	Demengeot	plate_4
2023-03-10_Demengeot_plate_5	2023-03-10 plate_5	2023-03-10	Demengeot	plate_5
2023-03-11_Demengeot_plate_1	2023-03-11 plate_1	2023-03-11	Demengeot	plate_1
2023-03-11_Demengeot_plate_2	2023-03-11 plate_2	2023-03-11	Demengeot	plate_2
2023-03-11_Demengeot_plate_3	2023-03-11 plate_3	2023-03-11	Demengeot	plate_3
2023-03-11_Demengeot_plate_4	2023-03-11 plate_4	2023-03-11	Demengeot	plate_4
2023-03-14_Demengeot_plate_1	2023-03-14 plate_1	2023-03-14	Demengeot	plate_1
2023-03-14_Demengeot_plate_2	2023-03-14 plate_2	2023-03-14	Demengeot	plate_2
2023-03-14_Demengeot_plate_3	2023-03-14 plate_3	2023-03-14	Demengeot	plate_3
2023-03-14_Demengeot_plate_4	2023-03-14 plate_4	2023-03-14	Demengeot	plate_4
2023-03-14_Demengeot_plate_5	2023-03-14 plate_5	2023-03-14	Demengeot	plate_5
2023-03-14_Demengeot_plate_6	2023-03-14 plate_6	2023-03-14	Demengeot	plate_6
2023-03-14_Demengeot_plate_7	2023-03-14 plate_7	2023-03-14	Demengeot	plate_7
2023-03-14_Demengeot_plate_8	2023-03-14 plate_8	2023-03-14	Demengeot	plate_8
2023-03-15_Demengeot_plate_1	2023-03-15 plate_1	2023-03-15	Demengeot	plate_1
2023-03-15_Demengeot_plate_2	2023-03-15 plate_2	2023-03-15	Demengeot	plate_2
2023-03-15_Demengeot_plate_3	2023-03-15 plate_3	2023-03-15	Demengeot	plate_3
2023-03-15_Demengeot_plate_4	2023-03-15 plate_4	2023-03-15	Demengeot	plate_4
2023-03-15_Demengeot_plate_5	2023-03-15 plate_5	2023-03-15	Demengeot	plate_5
2023-03-31_Demengeot_plate_1	2023-03-31 plate_1	2023-03-31	Demengeot	plate_1
2023-03-31_Demengeot_plate_2	2023-03-31 plate_2	2023-03-31	Demengeot	plate_2
2023-03-31_Demengeot_plate_3	2023-03-31 plate_3	2023-03-31	Demengeot	plate_3
2023-03-31_Demengeot_plate_4	2023-03-31 plate_4	2023-03-31	Demengeot	plate_4
2023-03-31_Demengeot_plate_5	2023-03-31 plate_5	2023-03-31	Demengeot	plate_5
2023-04-03_Demengeot_plate_1	2023-04-03 plate_1	2023-04-03	Demengeot	plate_1
2023-04-03_Demengeot_plate_2	2023-04-03 plate_2	2023-04-03	Demengeot	plate_2
2023-04-03_Demengeot_plate_3	2023-04-03 plate_3	2023-04-03	Demengeot	plate_3
2023-04-03_Demengeot_plate_4	2023-04-03 plate_4	2023-04-03	Demengeot	plate_4
2023-04-03_Demengeot_plate_5	2023-04-03 plate_5	2023-04-03	Demengeot	plate_5
2023-04-03_Demengeot_plate_6	2023-04-03 plate_6	2023-04-03	Demengeot	plate_6
2023-04-03_Demengeot_plate_7	2023-04-03 plate_7	2023-04-03	Demengeot	plate_7
2023-04-03_Demengeot_plate_8	2023-04-03 plate_8	2023-04-03	Demengeot	plate_8
2023-04-10_Demengeot_plate_1	2023-04-10 plate_1	2023-04-10	Demengeot	plate_1
2023-04-10_Demengeot_plate_2	2023-04-10 plate_2	2023-04-10	Demengeot	plate_2
2023-04-10_Demengeot_plate_3	2023-04-10 plate_3	2023-04-10	Demengeot	plate_3
2023-04-10_Demengeot_plate_4	2023-04-10 plate_4	2023-04-10	Demengeot	plate_4
2023-04-10_Demengeot_plate_5	2023-04-10 plate_5	2023-04-10	Demengeot	plate_5
2023-04-10_Demengeot_plate_6	2023-04-10 plate_6	2023-04-10	Demengeot	plate_6
2023-04-10_Demengeot_plate_7	2023-04-10 plate_7	2023-04-10	Demengeot	plate_7
2023-04-10_Demengeot_plate_8	2023-04-10 plate_8	2023-04-10	Demengeot	plate_8
2023-04-15_Demengeot_plate_1	2023-04-15 plate_1	2023-04-15	Demengeot	plate_1
2023-04-15_Demengeot_plate_2	2023-04-15 plate_2	2023-04-15	Demengeot	plate_2
2023-04-15_Demengeot_plate_3	2023-04-15 plate_3	2023-04-15	Demengeot	plate_3
2023-04-15_Demengeot_plate_4	2023-04-15 plate_4	2023-04-15	Demengeot	plate_4
2023-04-15_Demengeot_plate_5	2023-04-15 plate_5	2023-04-15	Demengeot	plate_5
2023-04-15_Demengeot_plate_6	2023-04-15 plate_6	2023-04-15	Demengeot	plate_6
2023-04-20_Demengeot_plate_1	2023-04-20 plate_1	2023-04-20	Demengeot	plate_1
2023-04-20_Demengeot_plate_2	2023-04-20 plate_2	2023-04-20	Demengeot	plate_2
2023-04-20_Demengeot_plate_3	2023-04-20 plate_3	2023-04-20	Demengeot	plate_3
2023-04-20_Demengeot_plate_4	2023-04-20 plate_4	2023-04-20	Demengeot	plate_4
2023-04-20_Demengeot_plate_5	2023-04-20 plate_5	2023-04-20	Demengeot	plate_5
2023-04-23_Demengeot_plate_1	2023-04-23 plate_1	2023-04-23	Demengeot	plate_1
2023-04-23_Demengeot_plate_2	2023-04-23 plate_2	2023-04-23	Demengeot	plate_2
2023-04-23_Demengeot_plate_3	2023-04-23 plate_3	2023-04-23	Demengeot	plate_3
2023-04-23_Demengeot_plate_4	2023-04-23 plate_4	2023-04-23	Demengeot	plate_4
2023-04-23_Demengeot_plate_5	2023-04-23 plate_5	2023-04-23	Demengeot	plate_5
2023-04-23_Demengeot_plate_6	2023-04-23 plate_6	2023-04-23	Demengeot	plate_6
2023-04-25_Demengeot_plate_1	2023-04-25 plate_1	2023-04-25	Demengeot	plate_1
2023-04-25_Demengeot_plate_2	2023-04-25 plate_2	2023-04-25	Demengeot	plate_2
2023-04-25_Demengeot_plate_3	2023-04-25 plate_3	2023-04-25	Demengeot	plate_3
2023-04-25_Demengeot_plate_4	2023-04-25 plate_4	2023-04-25	Demengeot	plate_4
2023-04-29_Demengeot_plate_1	2023-04-29 plate_1	2023-04-29	Demengeot	plate_1
2023-04-29_Demengeot_plate_2	2023-04-29 plate_2	2023-04-29	Demengeot	plate_2
2023-04-29_Demengeot_plate_3	2023-04-29 plate_3	2023-04-29	Demengeot	plate_3
2023-04-29_Demengeot_plate_4	2023-04-29 plate_4	2023-04-29	Demengeot	plate_4
2023-04-29_Demengeot_plate_5	2023-04-29 plate_5	2023-04-29	Demengeot	plate_5
2023-04-29_Demengeot_plate_6	2023-04-29 plate_6	2023-04-29	Demengeot	plate_6
2023-04-29_Demengeot_plate_7	2023-04-29 plate_7	2023-04-29	Demengeot	plate_7
2023-05-03_Demengeot_plate_1	2023-05-03 plate_1	2023-05-03	Demengeot	plate_1
2023-05-03_Demengeot_plate_2	2023-05-03 plate_2	2023-05-03	Demengeot	plate_2
2023-05-03_Demengeot_plate_3	2023-05-03 plate_3	2023-05-03	Demengeot	plate_3
2023-05-03_Demengeot_plate_4	2023-05-03 plate_4	2023-05-03	Demengeot	plate_4
2023-05-03_Demengeot_plate_5	2023-05-03 plate_5	2023-05-03	Demengeot	plate_5
2023-05-16_Demengeot_plate_1	2023-05-16 plate_1	2023-05-16	Demengeot	plate_1
2023-05-16_Demengeot_plate_2	2023-05-16 plate_2	2023-05-16	Demengeot	plate_2
2023-05-16_Demengeot_plate_3	2023-05-16 plate_3	2023-05-16	Demengeot	plate_3
2023-05-16_Demengeot_plate_4	2023-05-16 plate_4	2023-05-16	Demengeot	plate_4
2023-05-16_Demengeot_plate_5	2023-05-16 plate_5	2023-05-16	Demengeot	plate_5
2023-05-16_Demengeot_plate_6	2023-05-16 plate_6	2023-05-16	Demengeot	plate_6
2023-05-21_Demengeot_plate_1	2023-05-21 plate_1	2023-05-21	Demengeot	plate_1
2023-05-21_Demengeot_plate_2	2023-05-21 plate_2	2023-05-21	Demengeot	plate_2
2023-05-21_Demengeot_plate_3	2023-05-21 plate_3	2023-05-21	Demengeot	plate_3
2023-05-21_Demengeot_plate_4	2023-05-21 plate_4	2023-05-21	Demengeot	plate_4
2023-05-22_Demengeot_plate_1	2023-05-22 plate_1	2023-05-22	Demengeot	plate_1
2023-05-22_Demengeot_plate_2	2023-05-22 plate_2	2023-05-22	Demengeot	plate_2
2023-05-22_Demengeot_plate_3	2023-05-22 plate_3	2023-05-22	Demengeot	plate_3
2023-05-22_Demengeot_plate_4	2023-05-22 plate_4	2023-05-22	Demengeot	plate_4
2023-05-23_Demengeot_plate_1	2023-05-23 plate_1	2023-05-23	Demengeot	plate_1
2023-05-23_Demengeot_plate_2	2023-05-23 plate_2	2023-05-23	Demengeot	plate_2
2023-05-23_Demengeot_plate_3	2023-05-23 plate_3	2023-05-23	Demengeot	plate_3
2023-05-23_Demengeot_plate_4	2023-05-23 plate_4	2023-05-23	Demengeot	plate_4
2023-05-24_Demengeot_plate_1	2023-05-24 plate_1	2023-05-24	Demengeot	plate_1
2023-05-24_Demengeot_plate_2	2023-05-24 plate_2	2023-05-24	Demengeot	plate_2
2023-05-24_Demengeot_plate_3	2023-05-24 plate_3	2023-05-24	Demengeot	plate_3
2023-05-24_Demengeot_plate_4	2023-05-24 plate_4	2023-05-24	Demengeot	plate_4
2023-05-24_Demengeot_plate_5	2023-05-24 plate_5	2023-05-24	Demengeot	plate_5
2023-05-24_Demengeot_plate_6	2023-05-24 plate_6	2023-05-24	Demengeot	plate_6
2023-05-24_Demengeot_plate_7	2023-05-24 plate_7	2023-05-24	Demengeot	plate_7
2023-05-24_Demengeot_plate_8	2023-05-24 plate_8	2023-05-24	Demengeot	plate_8
2023-06-07_Demengeot_plate_1	2023-06-07 plate_1	2023-06-07	Demengeot	plate_1
2023-06-07_Demengeot_plate_2	2023-06-07 plate_2	2023-06-07	Demengeot	plate_2
2023-06-07_Demengeot_plate_3	2023-06-07 plate_3	2023-06-07	Demengeot	plate_3
2023-06-07_Demengeot_plate_4	2023-06-07 plate_4	2023-06-07	Demengeot	plate_4
2023-06-07_Demengeot_plate_5	2023-06-07 plate_5	2023-06-07	Demengeot	plate_5
2023-06-07_Demengeot_plate_6	2023-06-07 plate_6	2023-06-07	Demengeot	plate_6
2023-06-10_Demengeot_plate_1	2023-06-10 plate_1	2023-06-10	Demengeot	plate_1
2023-06-10_Demengeot_plate_2	2023-06-10 plate_2	2023-06-10	Demengeot	plate_2
2023-06-10_Demengeot_plate_3	2023-06-10 plate_3	2023-06-10	Demengeot	plate_3
2023-06-10_Demengeot_plate_4	2023-06-10 plate_4	2023-06-10	Demengeot	plate_4
2023-06-11_Demengeot_plate_1	2023-06-11 plate_1	2023-06-11	Demengeot	plate_1
2023-06-11_Demengeot_plate_2	2023-06-11 plate_2	2023-06-11	Demengeot	plate_2
2023-06-11_Demengeot_plate_3	2023-06-11 plate_3	2023-06-11	Demengeot	plate_3
2023-06-11_Demengeot_plate_4	2023-06-11 plate_4	2023-06-11	Demengeot	plate_4
2023-06-11_Demengeot_plate_5	2023-06-11 plate_5	2023-06-11	Demengeot	plate_5
2023-06-11_Demengeot_plate_6	2023-06-11 plate_6	2023-06-11	Demengeot	plate_6
2023-06-11_Demengeot_plate_7	2023-06-11 plate_7	2023-06-11	Demengeot	plate_7
2023-06-11_Demengeot_plate_8	2023-06-11 plate_8	2023-06-11	Demengeot	plate_8
2023-06-18_Demengeot_plate_1	2023-06-18 plate_1	2023-06-18	Demengeot	plate_1
2023-06-18_Demengeot_plate_2	2023-06-18 plate_2	2023-06-18	Demengeot	plate_2
2023-06-18_Demengeot_plate_3	2023-06-18 plate_3	2023-06-18	Demengeot	plate_3
2023-06-18_Demengeot_plate_4	2023-06-18 plate_4	2023-06-18	Demengeot	plate_4
2023-06-18_Demengeot_plate_5	2023-06-18 plate_5	2023-06-18	Demengeot	plate_5
2023-06-18_Demengeot_plate_6	2023-06-18 plate_6	2023-06-18	Demengeot	plate_6
2023-06-18_Demengeot_plate_7	2023-06-18 plate_7	2023-06-18	Demengeot	plate_7
2023-06-18_Demengeot_plate_8	2023-06-18 plate_8	2023-06-18	Demengeot	plate_8
2023-06-20_Demengeot_plate_1	2023-06-20 plate_1	2023-06-20	Demengeot	plate_1
2023-06-20_Demengeot_plate_2	2023-06-20 plate_2	2023-06-20	Demengeot	plate_2
2023-06-20_Demengeot_plate_3	2023-06-20 plate_3	2023-06-20	Demengeot	plate_3
2023-06-20_Demengeot_plate_4	2023-06-20 plate_4	2023-06-20	Demengeot	plate_4
2023-06-20_Demengeot_plate_5	2023-06-20 plate_5	2023-06-20	Demengeot	plate_5
2023-06-24_Demengeot_plate_1	2023-06-24 plate_1	2023-06-24	Demengeot	plate_1
2023-06-24_Demengeot_plate_2	2023-06-24 plate_2	2023-06-24	Demengeot	plate_2
2023-06-24_Demengeot_plate_3	2023-06-24 plate_3	2023-06-24	Demengeot	plate_3
2023-06-24_Demengeot_plate_4	2023-06-24 plate_4	2023-06-24	Demengeot	plate_4
2023-06-24_Demengeot_plate_5	2023-06-24 plate_5	2023-06-24	Demengeot	plate_5
2023-06-25_Demengeot_plate_1	2023-06-25 plate_1	2023-06-25	Demengeot	plate_1
2023-06-25_Demengeot_plate_2	2023-06-25 plate_2	2023-06-25	Demengeot	plate_2
2023-06-25_Demengeot_plate_3	2023-06-25 plate_3	2023-06-25	Demengeot	plate_3
2023-06-25_Demengeot_plate_4	2023-06-25 plate_4	2023-06-25	Demengeot	plate_4
2023-06-25_Demengeot_plate_5	2023-06-25 plate_5	2023-06-25	Demengeot	plate_5
2023-06-25_Demengeot_plate_6	2023-06-25 plate_6	2023-06-25	Demengeot	plate_6
2023-06-25_Demengeot_plate_7	2023-06-25 plate_7	2023-06-25	Demengeot	plate_7
2023-06-25_Demengeot_plate_8	2023-06-25 plate_8	2023-06-25	Demengeot	plate_8
2023-06-27_Demengeot_plate_1	2023-06-27 plate_1	2023-06-27	Demengeot	plate_1
2023-06-27_Demengeot_plate_2	2023-06-27 plate_2	2023-06-27	Demengeot	plate_2
2023-06-27_Demengeot_plate_3	2023-06-27 plate_3	2023-06-27	Demengeot	plate_3
2023-06-27_Demengeot_plate_4	2023-06-27 plate_4	2023-06-27	Demengeot	plate_4
2023-06-27_Demengeot_plate_5	2023-06-27 plate_5	2023-06-27	Demengeot	plate_5
2023-06-27_Demengeot_plate_6	2023-06-27 plate_6	2023-06-27	Demengeot	plate_6
2023-06-27_Demengeot_plate_7	2023-06-27 plate_7	2023-06-27	Demengeot	plate_7
2023-07-04_Demengeot_plate_1	2023-07-04 plate_1	2023-07-04	Demengeot	plate_1
2023-07-04_Demengeot_plate_2	2023-07-04 plate_2	2023-07-04	Demengeot	plate_2
2023-07-04_Demengeot_plate_3	2023-07-04 plate_3	2023-07-04	Demengeot	plate_3
2023-07-04_Demengeot_plate_4	2023-07-04 plate_4	2023-07-04	Demengeot	plate_4
2023-07-04_Demengeot_plate_5	2023-07-04 plate_5	2023-07-04	Demengeot	plate_5
2023-07-05_Demengeot_plate_1	2023-07-05 plate_1	2023-07-05	Demengeot	plate_1
2023-07-05_Demengeot_plate_2	2023-07-05 plate_2	2023-07-05	Demengeot	plate_2
2023-07-05_Demengeot_plate_3	2023-07-05 plate_3	2023-07-05	Demengeot	plate_3
2023-07-05_Demengeot_plate_4	2023-07-05 plate_4	2023-07-05	Demengeot	plate_4
2023-07-05_Demengeot_plate_5	2023-07-05 plate_5	2023-07-05	Demengeot	plate_5
2023-07-25_Demengeot_plate_1	2023-07-25 plate_1	2023-07-25	Demengeot	plate_1
2023-07-25_Demengeot_plate_2	2023-07-25 plate_2	2023-07-25	Demengeot	plate_2
2023-07-25_Demengeot_plate_3	2023-07-25 plate_3	2023-07-25	Demengeot	plate_3
2023-07-25_Demengeot_plate_4	2023-07-25 plate_4	2023-07-25	Demengeot	plate_4
2023-07-25_Demengeot_plate_5	2023-07-25 plate_5	2023-07-25	Demengeot	plate_5
2023-07-25_Demengeot_plate_6	2023-07-25 plate_6	2023-07-25	Demengeot	plate_6
2023-07-25_Demengeot_plate_7	2023-07-25 plate_7	2023-07-25	Demengeot	plate_7
2023-08-01_Demengeot_plate_1	2023-08-01 plate_1	2023-08-01	Demengeot	plate_1
2023-08-01_Demengeot_plate_2	2023-08-01 plate_2	2023-08-01	Demengeot	plate_2
2023-08-01_Demengeot_plate_3	2023-08-01 plate_3	2023-08-01	Demengeot	plate_3
2023-08-01_Demengeot_plate_4	2023-08-01 plate_4	2023-08-01	Demengeot	plate_4
2023-08-01_Demengeot_plate_5	2023-08-01 plate_5	2023-08-01	Demengeot	plate_5
2023-08-01_Demengeot_plate_6	2023-08-01 plate_6	2023-08-01	Demengeot	plate_6
2023-08-01_Demengeot_plate_7	2023-08-01 plate_7	2023-08-01	Demengeot	plate_7
2023-08-01_Demengeot_plate_8	2023-08-01 plate_8	2023-08-01	Demengeot	plate_8
2023-08-20_Demengeot_plate_1	2023-08-20 plate_1	2023-08-20	Demengeot	plate_1
2023-08-20_Demengeot_plate_2	2023-08-20 plate_2	2023-08-20	Demengeot	plate_2
2023-08-20_Demengeot_plate_3	2023-08-20 plate_3	2023-08-20	Demengeot	plate_3
2023-08-20_Demengeot_plate_4	2023-08-20 plate_4	2023-08-20	Demengeot	plate_4
2023-08-20_Demengeot_plate_5	2023-08-20 plate_5	2023-08-20	Demengeot	plate_5
2023-08-21_Demengeot_plate_1	2023-08-21 plate_1	2023-08-21	Demengeot	plate_1
2023-08-21_Demengeot_plate_2	2023-08-21 plate_2	2023-08-21	Demengeot	plate_2
2023-08-21_Demengeot_plate_3	2023-08-21 plate_3	2023-08-21	Demengeot	plate_3
2023-08-21_Demengeot_plate_4	2023-08-21 plate_4	2023-08-21	Demengeot	plate_4
2023-08-21_Demengeot_plate_5	2023-08-21 plate_5	2023-08-21	Demengeot	plate_5
2023-08-21_Demengeot_plate_6	2023-08-21 plate_6	2023-08-21	Demengeot	plate_6
2023-08-21_Demengeot_plate_7	2023-08-21 plate_7	2023-08-21	Demengeot	plate_7
2023-08-31_Demengeot_plate_1	2023-08-31 plate_1	2023-08-31	Demengeot	plate_1
2023-08-31_Demengeot_plate_2	2023-08-31 plate_2	2023-08-31	Demengeot	plate_2
2023-08-31_Demengeot_plate_3	2023-08-31 plate_3	2023-08-31	Demengeot	plate_3
2023-08-31_Demengeot_plate_4	2023-08-31 plate_4	2023-08-31	Demengeot	plate_4
2023-08-31_Demengeot_plate_5	2023-08-31 plate_5	2023-08-31	Demengeot	plate_5
2023-08-31_Demengeot_plate_6	2023-08-31 plate_6	2023-08-31	Demengeot	plate_6
2023-08-31_Demengeot_plate_7	2023-08-31 plate_7	2023-08-31	Demengeot	plate_7
2023-08-31_Demengeot_plate_8	2023-08-31 plate_8	2023-08-31	Demengeot	plate_8
2023-09-03_Demengeot_plate_1	2023-09-03 plate_1	2023-09-03	Demengeot	plate_1
2023-09-03_Demengeot_plate_2	2023-09-03 plate_2	2023-09-03	Demengeot	plate_2
2023-09-03_Demengeot_plate_3	2023-09-03 plate_3	2023-09-03	Demengeot	plate_3
2023-09-03_Demengeot_plate_4	2023-09-03 plate_4	2023-09-03	Demengeot	plate_4
2023-09-03_Demengeot_plate_5	2023-09-03 plate_5	2023-09-03	Demengeot	plate_5
2023-09-03_Demengeot_plate_6	2023-09-03 plate_6	2023-09-03	Demengeot	plate_6
2023-09-03_Demengeot_plate_7	2023-09-03 plate_7	2023-09-03	Demengeot	plate_7
2023-09-07_Demengeot_plate_1	2023-09-07 plate_1	2023-09-07	Demengeot	plate_1
2023-09-07_Demengeot_plate_2	2023-09-07 plate_2	2023-09-07	Demengeot	plate_2
2023-09-07_Demengeot_plate_3	2023-09-07 plate_3	2023-09-07	Demengeot	plate_3
2023-09-07_Demengeot_plate_4	2023-09-07 plate_4	2023-09-07	Demengeot	plate_4
2023-09-09_Demengeot_plate_1	2023-09-09 plate_1	2023-09-09	Demengeot	plate_1
2023-09-09_Demengeot_plate_2	2023-09-09 plate_2	2023-09-09	Demengeot	plate_2
2023-09-09_Demengeot_plate_3	2023-09-09 plate_3	2023-09-09	Demengeot	plate_3
2023-09-09_Demengeot_plate_4	2023-09-09 plate_4	2023-09-09	Demengeot	plate_4
2023-09-09_Demengeot_plate_5	2023-09-09 plate_5	2023-09-09	Demengeot	plate_5
2023-09-09_Demengeot_plate_6	2023-09-09 plate_6	2023-09-09	Demengeot	plate_6
2023-09-12_Demengeot_plate_1	2023-09-12 plate_1	2023-09-12	Demengeot	plate_1
2023-09-12_Demengeot_plate_2	2023-09-12 plate_2	2023-09-12	Demengeot	plate_2
2023-09-12_Demengeot_plate_3	2023-09-12 plate_3	2023-09-12	Demengeot	plate_3
2023-09-12_Demengeot_plate_4	2023-09-12 plate_4	2023-09-12	Demengeot	plate_4
2023-09-12_Demengeot_plate_5	2023-09-12 plate_5	2023-09-12	Demengeot	plate_5
2023-08-18_Howard_plate_1	Fri Aug 18 2023 (P1)	2023-08-18	Howard	plate_1
2023-08-18_Howard_plate_2	Fri Aug 18 2023 (P2)	2023-08-18	Howard	plate_2
2023-08-18_Howard_plate_3	Fri Aug 18 2023 (P3)	2023-08-18	Howard	plate_3
2023-08-18_Howard_plate_4	Fri Aug 18 2023 (P4)	2023-08-18	Howard	plate_4
2023-08-18_Howard_plate_5	Fri Aug 18 2023 (P5)	2023-08-18	Howard	plate_5
2023-10-06_Howard_plate_1	Fri Oct 06 2023 (P1)	2023-10-06	Howard	plate_1
2023-10-06_Howard_plate_2	Fri Oct 06 2023 (P2)	2023-10-06	Howard	plate_2
2023-10-06_Howard_plate_3	Fri Oct 06 2023 (P3)	2023-10-06	Howard	plate_3
2023-10-06_Howard_plate_4	Fri Oct 06 2023 (P4)	2023-10-06	Howard	plate_4
2023-10-06_Howard_plate_5	Fri Oct 06 2023 (P5)	2023-10-06	Howard	plate_5
2023-08-21_Howard_plate_1	Mon Aug 21 2023 (P1)	2023-08-21	Howard	plate_1
2023-08-21_Howard_plate_2	Mon Aug 21 2023 (P2)	2023-08-21	Howard	plate_2
2023-08-21_Howard_plate_3	Mon Aug 21 2023 (P3)	2023-08-21	Howard	plate_3
2023-08-21_Howard_plate_4	Mon Aug 21 2023 (P4)	2023-08-21	Howard	plate_4
2023-12-25_Howard_plate_1	Mon Dec 25 2023 (P1)	2023-12-25	Howard	plate_1
2023-12-25_Howard_plate_2	Mon Dec 25 2023 (P2)	2023-12-25	Howard	plate_2
2023-12-25_Howard_plate_3	Mon Dec 25 2023 (P3)	2023-12-25	Howard	plate_3
2023-12-25_Howard_plate_4	Mon Dec 25 2023 (P4)	2023-12-25	Howard	plate_4
2023-12-25_Howard_plate_5	Mon Dec 25 2023 (P5)	2023-12-25	Howard	plate_5
2023-12-25_Howard_plate_6	Mon Dec 25 2023 (P6)	2023-12-25	Howard	plate_6
2023-12-25_Howard_plate_7	Mon Dec 25 2023 (P7)	2023-12-25	Howard	plate_7
2023-12-25_Howard_plate_8	Mon Dec 25 2023 (P8)	2023-12-25	Howard	plate_8
2023-11-13_Howard_plate_1	Mon Nov 13 2023 (P1)	2023-11-13	Howard	plate_1
2023-11-13_Howard_plate_2	Mon Nov 13 2023 (P2)	2023-11-13	Howard	plate_2
2023-11-13_Howard_plate_3	Mon Nov 13 2023 (P3)	2023-11-13	Howard	plate_3
2023-11-13_Howard_plate_4	Mon Nov 13 2023 (P4)	2023-11-13	Howard	plate_4
2023-11-13_Howard_plate_5	Mon Nov 13 2023 (P5)	2023-11-13	Howard	plate_5
2023-11-13_Howard_plate_6	Mon Nov 13 2023 (P6)	2023-11-13	Howard	plate_6
2023-11-27_Howard_plate_1	Mon Nov 27 2023 (P1)	2023-11-27	Howard	plate_1
2023-11-27_Howard_plate_2	Mon Nov 27 2023 (P2)	2023-11-27	Howard	plate_2
2023-11-27_Howard_plate_3	Mon Nov 27 2023 (P3)	2023-11-27	Howard	plate_3
2023-11-27_Howard_plate_4	Mon Nov 27 2023 (P4)	2023-11-27	Howard	plate_4
2023-11-27_Howard_plate_5	Mon Nov 27 2023 (P5)	2023-11-27	Howard	plate_5
2023-11-27_Howard_plate_6	Mon Nov 27 2023 (P6)	2023-11-27	Howard	plate_6
2023-11-27_Howard_plate_7	Mon Nov 27 2023 (P7)	2023-11-27	Howard	plate_7
2023-11-27_Howard_plate_8	Mon Nov 27 2023 (P8)	2023-11-27	Howard	plate_8
2023-08-12_Howard_plate_1	Sat Aug 12 2023 (P1)	2023-08-12	Howard	plate_1
2023-08-12_Howard_plate_2	Sat Aug 12 2023 (P2)	2023-08-12	Howard	plate_2
2023-08-12_Howard_plate_3	Sat Aug 12 2023 (P3)	2023-08-12	Howard	plate_3
2023-08-12_Howard_plate_4	Sat Aug 12 2023 (P4)	2023-08-12	Howard	plate_4
2023-08-12_Howard_plate_5	Sat Aug 12 2023 (P5)	2023-08-12	Howard	plate_5
2023-08-12_Howard_plate_6	Sat Aug 12 2023 (P6)	2023-08-12	Howard	plate_6
2023-08-12_Howard_plate_7	Sat Aug 12 2023 (P7)	2023-08-12	Howard	plate_7
2023-08-12_Howard_plate_8	Sat Aug 12 2023 (P8)	2023-08-12	Howard	plate_8
2023-12-02_Howard_plate_1	Sat Dec 02 2023 (P1)	2023-12-02	Howard	plate_1
2023-12-02_Howard_plate_2	Sat Dec 02 2023 (P2)	2023-12-02	Howard	plate_2
2023-12-02_Howard_plate_3	Sat Dec 02 2023 (P3)	2023-12-02	Howard	plate_3
2023-12-02_Howard_plate_4	Sat Dec 02 2023 (P4)	2023-12-02	Howard	plate_4
2023-12-09_Howard_plate_1	Sat Dec 09 2023 (P1)	2023-12-09	Howard	plate_1
2023-12-09_Howard_plate_2	Sat Dec 09 2023 (P2)	2023-12-09	Howard	plate_2
2023-12-09_Howard_plate_3	Sat Dec 09 2023 (P3)	2023-12-09	Howard	plate_3
2023-12-09_Howard_plate_4	Sat Dec 09 2023 (P4)	2023-12-09	Howard	plate_4
2023-10-14_Howard_plate_1	Sat Oct 14 2023 (P1)	2023-10-14	Howard	plate_1
2023-10-14_Howard_plate_2	Sat Oct 14 2023 (P2)	2023-10-14	Howard	plate_2
2023-10-14_Howard_plate_3	Sat Oct 14 2023 (P3)	2023-10-14	Howard	plate_3
2023-10-14_Howard_plate_4	Sat Oct 14 2023 (P4)	2023-10-14	Howard	plate_4
2023-10-14_Howard_plate_5	Sat Oct 14 2023 (P5)	2023-10-14	Howard	plate_5
2023-10-14_Howard_plate_6	Sat Oct 14 2023 (P6)	2023-10-14	Howard	plate_6
2023-10-14_Howard_plate_7	Sat Oct 14 2023 (P7)	2023-10-14	Howard	plate_7
2023-10-14_Howard_plate_8	Sat Oct 14 2023 (P8)	2023-10-14	Howard	plate_8
2023-09-09_Howard_plate_1	Sat Sep 09 2023 (P1)	2023-09-09	Howard	plate_1
2023-09-09_Howard_plate_2	Sat Sep 09 2023 (P2)	2023-09-09	Howard	plate_2
2023-09-09_Howard_plate_3	Sat Sep 09 2023 (P3)	2023-09-09	Howard	plate_3
2023-09-09_Howard_plate_4	Sat Sep 09 2023 (P4)	2023-09-09	Howard	plate_4
2023-09-09_Howard_plate_5	Sat Sep 09 2023 (P5)	2023-09-09	Howard	plate_5
2023-09-09_Howard_plate_6	Sat Sep 09 2023 (P6)	2023-09-09	Howard	plate_6
2023-09-09_Howard_plate_7	Sat Sep 09 2023 (P7)	2023-09-09	Howard	plate_7
2023-09-16_Howard_plate_1	Sat Sep 16 2023 (P1)	2023-09-16	Howard	plate_1
2023-09-16_Howard_plate_2	Sat Sep 16 2023 (P2)	2023-09-16	Howard	plate_2
2023-09-16_Howard_plate_3	Sat Sep 16 2023 (P3)	2023-09-16	Howard	plate_3
2023-09-16_Howard_plate_4	Sat Sep 16 2023 (P4)	2023-09-16	Howard	plate_4
2023-09-16_Howard_plate_5	Sat Sep 16 2023 (P5)	2023-09-16	Howard	plate_5
2023-09-16_Howard_plate_6	Sat Sep 16 2023 (P6)	2023-09-16	Howard	plate_6
2023-12-24_Howard_plate_1	Sun Dec 24 2023 (P1)	2023-12-24	Howard	plate_1
2023-12-24_Howard_plate_2	Sun Dec 24 2023 (P2)	2023-12-24	Howard	plate_2
2023-12-24_Howard_plate_3	Sun Dec 24 2023 (P3)	2023-12-24	Howard	plate_3
2023-12-24_Howard_plate_4	Sun Dec 24 2023 (P4)	2023-12-24	Howard	plate_4
2023-12-24_Howard_plate_5	Sun Dec 24 2023 (P5)	2023-12-24	Howard	plate_5
2023-12-24_Howard_plate_6	Sun Dec 24 2023 (P6)	2023-12-24	Howard	plate_6
2023-12-24_Howard_plate_7	Sun Dec 24 2023 (P7)	2023-12-24	Howard	plate_7
2023-10-29_Howard_plate_1	Sun Oct 29 2023 (P1)	2023-10-29	Howard	plate_1
2023-10-29_Howard_plate_2	Sun Oct 29 2023 (P2)	2023-10-29	Howard	plate_2
2023-10-29_Howard_plate_3	Sun Oct 29 2023 (P3)	2023-10-29	Howard	plate_3
2023-10-29_Howard_plate_4	Sun Oct 29 2023 (P4)	2023-10-29	Howard	plate_4
2023-10-29_Howard_plate_5	Sun Oct 29 2023 (P5)	2023-10-29	Howard	plate_5
2023-10-29_Howard_plate_6	Sun Oct 29 2023 (P6)	2023-10-29	Howard	plate_6
2023-10-29_Howard_plate_7	Sun Oct 29 2023 (P7)	2023-10-29	Howard	plate_7
2023-10-29_Howard_plate_8	Sun Oct 29 2023 (P8)	2023-10-29	Howard	plate_8
2023-12-21_Howard_plate_1	Thu Dec 21 2023 (P1)	2023-12-21	Howard	plate_1
2023-12-21_Howard_plate_2	Thu Dec 21 2023 (P2)	2023-12-21	Howard	plate_2
2023-12-21_Howard_plate_3	Thu Dec 21 2023 (P3)	2023-12-21	Howard	plate_3
2023-12-21_Howard_plate_4	Thu Dec 21 2023 (P4)	2023-12-21	Howard	plate_4
2023-09-07_Howard_plate_1	Thu Sep 07 2023 (P1)	2023-09-07	Howard	plate_1
2023-09-07_Howard_plate_2	Thu Sep 07 2023 (P2)	2023-09-07	Howard	plate_2
2023-09-07_Howard_plate_3	Thu Sep 07 2023 (P3)	2023-09-07	Howard	plate_3
2023-09-07_Howard_plate_4	Thu Sep 07 2023 (P4)	2023-09-07	Howard	plate_4
2023-09-07_Howard_plate_5	Thu Sep 07 2023 (P5)	2023-09-07	Howard	plate_5
2023-09-07_Howard_plate_6	Thu Sep 07 2023 (P6)	2023-09-07	Howard	plate_6
2023-09-14_Howard_plate_1	Thu Sep 14 2023 (P1)	2023-09-14	Howard	plate_1
2023-09-14_Howard_plate_2	Thu Sep 14 2023 (P2)	2023-09-14	Howard	plate_2
2023-09-14_Howard_plate_3	Thu Sep 14 2023 (P3)	2023-09-14	Howard	plate_3
2023-09-14_Howard_plate_4	Thu Sep 14 2023 (P4)	2023-09-14	Howard	plate_4
2023-09-14_Howard_plate_5	Thu Sep 14 2023 (P5)	2023-09-14	Howard	plate_5
2023-09-14_Howard_plate_6	Thu Sep 14 2023 (P6)	2023-09-14	Howard	plate_6
2023-09-14_Howard_plate_7	Thu Sep 14 2023 (P7)	2023-09-14	Howard	plate_7
2023-09-14_Howard_plate_8	Thu Sep 14 2023 (P8)	2023-09-14	Howard	plate_8
2023-09-28_Howard_plate_1	Thu Sep 28 2023 (P1)	2023-09-28	Howard	plate_1
2023-09-28_Howard_plate_2	Thu Sep 28 2023 (P2)	2023-09-28	Howard	plate_2
2023-09-28_Howard_plate_3	Thu Sep 28 2023 (P3)	2023-09-28	Howard	plate_3
2023-09-28_Howard_plate_4	Thu Sep 28 2023 (P4)	2023-09-28	Howard	plate_4
2023-09-28_Howard_plate_5	Thu Sep 28 2023 (P5)	2023-09-28	Howard	plate_5
2023-09-28_Howard_plate_6	Thu Sep 28 2023 (P6)	2023-09-28	Howard	plate_6
2023-09-28_Howard_plate_7	Thu Sep 28 2023 (P7)	2023-09-28	Howard	plate_7
2023-08-08_Howard_plate_1	Tue Aug 08 2023 (P1)	2023-08-08	Howard	plate_1
2023-08-08_Howard_plate_2	Tue Aug 08 2023 (P2)	2023-08-08	Howard	plate_2
2023-08-08_Howard_plate_3	Tue Aug 08 2023 (P3)	2023-08-08	Howard	plate_3
2023-08-08_Howard_plate_4	Tue Aug 08 2023 (P4)	2023-08-08	Howard	plate_4
2023-08-08_Howard_plate_5	Tue Aug 08 2023 (P5)	2023-08-08	Howard	plate_5
2023-08-15_Howard_plate_1	Tue Aug 15 2023 (P1)	2023-08-15	Howard	plate_1
2023-08-15_Howard_plate_2	Tue Aug 15 2023 (P2)	2023-08-15	Howard	plate_2
2023-08-15_Howard_plate_3	Tue Aug 15 2023 (P3)	2023-08-15	Howard	plate_3
2023-08-15_Howard_plate_4	Tue Aug 15 2023 (P4)	2023-08-15	Howard	plate_4
2023-11-07_Howard_plate_1	Tue Nov 07 2023 (P1)	2023-11-07	Howard	plate_1
2023-11-07_Howard_plate_2	Tue Nov 07 2023 (P2)	2023-11-07	Howard	plate_2
2023-11-07_Howard_plate_3	Tue Nov 07 2023 (P3)	2023-11-07	Howard	plate_3
2023-11-07_Howard_plate_4	Tue Nov 07 2023 (P4)	2023-11-07	Howard	plate_4
2023-11-07_Howard_plate_5	Tue Nov 07 2023 (P5)	2023-11-07	Howard	plate_5
2023-11-07_Howard_plate_6	Tue Nov 07 2023 (P6)	2023-11-07	Howard	plate_6
2023-11-07_Howard_plate_7	Tue Nov 07 2023 (P7)	2023-11-07	Howard	plate_7
2023-09-26_Howard_plate_1	Tue Sep 26 2023 (P1)	2023-09-26	Howard	plate_1
2023-09-26_Howard_plate_2	Tue Sep 26 2023 (P2)	2023-09-26	Howard	plate_2
2023-09-26_Howard_plate_3	Tue Sep 26 2023 (P3)	2023-09-26	Howard	plate_3
2023-09-26_Howard_plate_4	Tue Sep 26 2023 (P4)	2023-09-26	Howard	plate_4
2023-09-26_Howard_plate_5	Tue Sep 26 2023 (P5)	2023-09-26	Howard	plate_5
2023-09-26_Howard_plate_6	Tue Sep 26 2023 (P6)	2023-09-26	Howard	plate_6
2023-09-26_Howard_plate_7	Tue Sep 26 2023 (P7)	2023-09-26	Howard	plate_7
2023-08-23_Howard_plate_1	Wed Aug 23 2023 (P1)	2023-08-23	Howard	plate_1
2023-08-23_Howard_plate_2	Wed Aug 23 2023 (P2)	2023-08-23	Howard	plate_2
2023-08-23_Howard_plate_3	Wed Aug 23 2023 (P3)	2023-08-23	Howard	plate_3
2023-08-23_Howard_plate_4	Wed Aug 23 2023 (P4)	2023-08-23	Howard	plate_4
2023-08-23_Howard_plate_5	Wed Aug 23 2023 (P5)	2023-08-23	Howard	plate_5
2023-08-23_Howard_plate_6	Wed Aug 23 2023 (P6)	2023-08-23	Howard	plate_6
2023-08-23_Howard_plate_7	Wed Aug 23 2023 (P7)	2023-08-23	Howard	plate_7
2023-08-23_Howard_plate_8	Wed Aug 23 2023 (P8)	2023-08-23	Howard	plate_8
2023-11-15_Howard_plate_1	Wed Nov 15 2023 (P1)	2023-11-15	Howard	plate_1
2023-11-15_Howard_plate_2	Wed Nov 15 2023 (P2)	2023-11-15	Howard	plate_2
2023-11-15_Howard_plate_3	Wed Nov 15 2023 (P3)	2023-11-15	Howard	plate_3
2023-11-15_Howard_plate_4	Wed Nov 15 2023 (P4)	2023-11-15	Howard	plate_4
2023-11-15_Howard_plate_5	Wed Nov 15 2023 (P5)	2023-11-15	Howard	plate_5
2023-11-15_Howard_plate_6	Wed Nov 15 2023 (P6)	2023-11-15	Howard	plate_6
2023-11-15_Howard_plate_7	Wed Nov 15 2023 (P7)	2023-11-15	Howard	plate_7
2023-11-15_Howard_plate_8	Wed Nov 15 2023 (P8)	2023-11-15	Howard	plate_8
2023-10-04_Howard_plate_1	Wed Oct 04 2023 (P1)	2023-10-04	Howard	plate_1
2023-10-04_Howard_plate_2	Wed Oct 04 2023 (P2)	2023-10-04	Howard	plate_2
2023-10-04_Howard_plate_3	Wed Oct 04 2023 (P3)	2023-10-04	Howard	plate_3
2023-10-04_Howard_plate_4	Wed Oct 04 2023 (P4)	2023-10-04	Howard	plate_4
2023-10-04_Howard_plate_5	Wed Oct 04 2023 (P5)	2023-10-04	Howard	plate_5
2023-10-04_Howard_plate_6	Wed Oct 04 2023 (P6)	2023-10-04	Howard	plate_6
2023-10-25_Howard_plate_1	Wed Oct 25 2023 (P1)	2023-10-25	Howard	plate_1
2023-10-25_Howard_plate_2	Wed Oct 25 2023 (P2)	2023-10-25	Howard	plate_2
2023-10-25_Howard_plate_3	Wed Oct 25 2023 (P3)	2023-10-25	Howard	plate_3
2023-10-25_Howard_plate_4	Wed Oct 25 2023 (P4)	2023-10-25	Howard	plate_4
2023-10-25_Howard_plate_5	Wed Oct 25 2023 (P5)	2023-10-25	Howard	plate_5
2023-09-13_Howard_plate_1	Wed Sep 13 2023 (P1)	2023-09-13	Howard	plate_1
2023-09-13_Howard_plate_2	Wed Sep 13 2023 (P2)	2023-09-13	Howard	plate_2
2023-09-13_Howard_plate_3	Wed Sep 13 2023 (P3)	2023-09-13	Howard	plate_3
2023-09-13_Howard_plate_4	Wed Sep 13 2023 (P4)	2023-09-13	Howard	plate_4
2023-09-13_Howard_plate_5	Wed Sep 13 2023 (P5)	2023-09-13	Howard	plate_5
2023-09-13_Howard_plate_6	Wed Sep 13 2023 (P6)	2023-09-13	Howard	plate_6
2023-09-13_Howard_plate_7	Wed Sep 13 2023 (P7)	2023-09-13	Howard	plate_7
2024-04-19_HowardNew_plate_1	Fri Apr 19 2024 (P1)	2024-04-19	HowardNew	plate_1
2024-04-19_HowardNew_plate_2	Fri Apr 19 2024 (P2)	2024-04-19	HowardNew	plate_2
2024-04-19_HowardNew_plate_3	Fri Apr 19 2024 (P3)	2024-04-19	HowardNew	plate_3
2024-04-19_HowardNew_plate_4	Fri Apr 19 2024 (P4)	2024-04-19	HowardNew	plate_4
2024-04-19_HowardNew_plate_5	Fri Apr 19 2024 (P5)	2024-04-19	HowardNew	plate_5
2024-04-26_HowardNew_plate_1	Fri Apr 26 2024 (P1)	2024-04-26	HowardNew	plate_1
2024-04-26_HowardNew_plate_2	Fri Apr 26 2024 (P2)	2024-04-26	HowardNew	plate_2
2024-04-26_HowardNew_plate_3	Fri Apr 26 2024 (P3)	2024-04-26	HowardNew	plate_3
2024-04-26_HowardNew_plate_4	Fri Apr 26 2024 (P4)	2024-04-26	HowardNew	plate_4
2024-04-26_HowardNew_plate_5	Fri Apr 26 2024 (P5)	2024-04-26	HowardNew	plate_5
2024-04-26_HowardNew_plate_6	Fri Apr 26 2024 (P6)	2024-04-26	HowardNew	plate_6
2024-04-26_HowardNew_plate_7	Fri Apr 26 2024 (P7)	2024-04-26	HowardNew	plate_7
2024-07-12_HowardNew_plate_1	Fri Jul 12 2024 (P1)	2024-07-12	HowardNew	plate_1
2024-07-12_HowardNew_plate_2	Fri Jul 12 2024 (P2)	2024-07-12	HowardNew	plate_2
2024-07-12_HowardNew_plate_3	Fri Jul 12 2024 (P3)	2024-07-12	HowardNew	plate_3
2024-07-12_HowardNew_plate_4	Fri Jul 12 2024 (P4)	2024-07-12	HowardNew	plate_4
2024-07-12_HowardNew_plate_5	Fri Jul 12 2024 (P5)	2024-07-12	HowardNew	plate_5
2024-07-12_HowardNew_plate_6	Fri Jul 12 2024 (P6)	2024-07-12	HowardNew	plate_6
2024-06-07_HowardNew_plate_1	Fri Jun 07 2024 (P1)	2024-06-07	HowardNew	plate_1
2024-06-07_HowardNew_plate_2	Fri Jun 07 2024 (P2)	2024-06-07	HowardNew	plate_2
2024-06-07_HowardNew_plate_3	Fri Jun 07 2024 (P3)	2024-06-07	HowardNew	plate_3
2024-06-07_HowardNew_plate_4	Fri Jun 07 2024 (P4)	2024-06-07	HowardNew	plate_4
2024-06-07_HowardNew_plate_5	Fri Jun 07 2024 (P5)	2024-06-07	HowardNew	plate_5
2024-06-07_HowardNew_plate_6	Fri Jun 07 2024 (P6)	2024-06-07	HowardNew	plate_6
2024-05-17_HowardNew_plate_1	Fri May 17 2024 (P1)	2024-05-17	HowardNew	plate_1
2024-05-17_HowardNew_plate_2	Fri May 17 2024 (P2)	2024-05-17	HowardNew	plate_2
2024-05-17_HowardNew_plate_3	Fri May 17 2024 (P3)	2024-05-17	HowardNew	plate_3
2024-05-17_HowardNew_plate_4	Fri May 17 2024 (P4)	2024-05-17	HowardNew	plate_4
2024-05-17_HowardNew_plate_5	Fri May 17 2024 (P5)	2024-05-17	HowardNew	plate_5
2024-05-17_HowardNew_plate_6	Fri May 17 2024 (P6)	2024-05-17	HowardNew	plate_6
2024-05-17_HowardNew_plate_7	Fri May 17 2024 (P7)	2024-05-17	HowardNew	plate_7
2024-07-06_HowardNew_plate_1	Sat Jul 06 2024 (P1)	2024-07-06	HowardNew	plate_1
2024-07-06_HowardNew_plate_2	Sat Jul 06 2024 (P2)	2024-07-06	HowardNew	plate_2
2024-07-06_HowardNew_plate_3	Sat Jul 06 2024 (P3)	2024-07-06	HowardNew	plate_3
2024-07-06_HowardNew_plate_4	Sat Jul 06 2024 (P4)	2024-07-06	HowardNew	plate_4
2024-07-06_HowardNew_plate_5	Sat Jul 06 2024 (P5)	2024-07-06	HowardNew	plate_5
2024-07-06_HowardNew_plate_6	Sat Jul 06 2024 (P6)	2024-07-06	HowardNew	plate_6
2024-07-06_HowardNew_plate_7	Sat Jul 06 2024 (P7)	2024-07-06	HowardNew	plate_7
2024-06-01_HowardNew_plate_1	Sat Jun 01 2024 (P1)	2024-06-01	HowardNew	plate_1
2024-06-01_HowardNew_plate_2	Sat Jun 01 2024 (P2)	2024-06-01	HowardNew	plate_2
2024-06-01_HowardNew_plate_3	Sat Jun 01 2024 (P3)	2024-06-01	HowardNew	plate_3
2024-06-01_HowardNew_plate_4	Sat Jun 01 2024 (P4)	2024-06-01	HowardNew	plate_4
2024-06-01_HowardNew_plate_5	Sat Jun 01 2024 (P5)	2024-06-01	HowardNew	plate_5
2024-06-01_HowardNew_plate_6	Sat Jun 01 2024 (P6)	2024-06-01	HowardNew	plate_6
2024-06-01_HowardNew_plate_7	Sat Jun 01 2024 (P7)	2024-06-01	HowardNew	plate_7
2024-06-01_HowardNew_plate_8	Sat Jun 01 2024 (P8)	2024-06-01	HowardNew	plate_8
2024-06-29_HowardNew_plate_1	Sat Jun 29 2024 (P1)	2024-06-29	HowardNew	plate_1
2024-06-29_HowardNew_plate_2	Sat Jun 29 2024 (P2)	2024-06-29	HowardNew	plate_2
2024-06-29_HowardNew_plate_3	Sat Jun 29 2024 (P3)	2024-06-29	HowardNew	plate_3
2024-06-29_HowardNew_plate_4	Sat Jun 29 2024 (P4)	2024-06-29	HowardNew	plate_4
2024-06-29_HowardNew_plate_5	Sat Jun 29 2024 (P5)	2024-06-29	HowardNew	plate_5
2024-06-29_HowardNew_plate_6	Sat Jun 29 2024 (P6)	2024-06-29	HowardNew	plate_6
2024-07-04_HowardNew_plate_1	Thu Jul 04 2024 (P1)	2024-07-04	HowardNew	plate_1
2024-07-04_HowardNew_plate_2	Thu Jul 04 2024 (P2)	2024-07-04	HowardNew	plate_2
2024-07-04_HowardNew_plate_3	Thu Jul 04 2024 (P3)	2024-07-04	HowardNew	plate_3
2024-07-04_HowardNew_plate_4	Thu Jul 04 2024 (P4)	2024-07-04	HowardNew	plate_4
2024-07-04_HowardNew_plate_5	Thu Jul 04 2024 (P5)	2024-07-04	HowardNew	plate_5
2024-07-04_HowardNew_plate_6	Thu Jul 04 2024 (P6)	2024-07-04	HowardNew	plate_6
2024-07-04_HowardNew_plate_7	Thu Jul 04 2024 (P7)	2024-07-04	HowardNew	plate_7
2024-07-04_HowardNew_plate_8	Thu Jul 04 2024 (P8)	2024-07-04	HowardNew	plate_8
2024-06-13_HowardNew_plate_1	Thu Jun 13 2024 (P1)	2024-06-13	HowardNew	plate_1
2024-06-13_HowardNew_plate_2	Thu Jun 13 2024 (P2)	2024-06-13	HowardNew	plate_2
2024-06-13_HowardNew_plate_3	Thu Jun 13 2024 (P3)	2024-06-13	HowardNew	plate_3
2024-06-13_HowardNew_plate_4	Thu Jun 13 2024 (P4)	2024-06-13	HowardNew	plate_4
2024-06-13_HowardNew_plate_5	Thu Jun 13 2024 (P5)	2024-06-13	HowardNew	plate_5
2024-06-27_HowardNew_plate_1	Thu Jun 27 2024 (P1)	2024-06-27	HowardNew	plate_1
2024-06-27_HowardNew_plate_2	Thu Jun 27 2024 (P2)	2024-06-27	HowardNew	plate_2
2024-06-27_HowardNew_plate_3	Thu Jun 27 2024 (P3)	2024-06-27	HowardNew	plate_3
2024-06-27_HowardNew_plate_4	Thu Jun 27 2024 (P4)	2024-06-27	HowardNew	plate_4
2024-05-16_HowardNew_plate_1	Thu May 16 2024 (P1)	2024-05-16	HowardNew	plate_1
2024-05-16_HowardNew_plate_2	Thu May 16 2024 (P2)	2024-05-16	HowardNew	plate_2
2024-05-16_HowardNew_plate_3	Thu May 16 2024 (P3)	2024-05-16	HowardNew	plate_3
2024-05-16_HowardNew_plate_4	Thu May 16 2024 (P4)	2024-05-16	HowardNew	plate_4
2024-05-23_HowardNew_plate_1	Thu May 23 2024 (P1)	2024-05-23	HowardNew	plate_1
2024-05-23_HowardNew_plate_2	Thu May 23 2024 (P2)	2024-05-23	HowardNew	plate_2
2024-05-23_HowardNew_plate_3	Thu May 23 2024 (P3)	2024-05-23	HowardNew	plate_3
2024-05-23_HowardNew_plate_4	Thu May 23 2024 (P4)	2024-05-23	HowardNew	plate_4
2024-04-16_HowardNew_plate_1	Tue Apr 16 2024 (P1)	2024-04-16	HowardNew	plate_1
2024-04-16_HowardNew_plate_2	Tue Apr 16 2024 (P2)	2024-04-16	HowardNew	plate_2
2024-04-16_HowardNew_plate_3	Tue Apr 16 2024 (P3)	2024-04-16	HowardNew	plate_3
2024-04-16_HowardNew_plate_4	Tue Apr 16 2024 (P4)	2024-04-16	HowardNew	plate_4
2024-04-16_HowardNew_plate_5	Tue Apr 16 2024 (P5)	2024-04-16	HowardNew	plate_5
2024-07-02_HowardNew_plate_1	Tue Jul 02 2024 (P1)	2024-07-02	HowardNew	plate_1
2024-07-02_HowardNew_plate_2	Tue Jul 02 2024 (P2)	2024-07-02	HowardNew	plate_2
2024-07-02_HowardNew_plate_3	Tue Jul 02 2024 (P3)	2024-07-02	HowardNew	plate_3
2024-07-02_HowardNew_plate_4	Tue Jul 02 2024 (P4)	2024-07-02	HowardNew	plate_4
2024-07-02_HowardNew_plate_5	Tue Jul 02 2024 (P5)	2024-07-02	HowardNew	plate_5
2024-07-02_HowardNew_plate_6	Tue Jul 02 2024 (P6)	2024-07-02	HowardNew	plate_6
2024-07-30_HowardNew_plate_1	Tue Jul 30 2024 (P1)	2024-07-30	HowardNew	plate_1
2024-07-30_HowardNew_plate_2	Tue Jul 30 2024 (P2)	2024-07-30	HowardNew	plate_2
2024-07-30_HowardNew_plate_3	Tue Jul 30 2024 (P3)	2024-07-30	HowardNew	plate_3
2024-07-30_HowardNew_plate_4	Tue Jul 30 2024 (P4)	2024-07-30	HowardNew	plate_4
2024-07-30_HowardNew_plate_5	Tue Jul 30 2024 (P5)	2024-07-30	HowardNew	plate_5
2024-06-25_HowardNew_plate_1	Tue Jun 25 2024 (P1)	2024-06-25	HowardNew	plate_1
2024-06-25_HowardNew_plate_2	Tue Jun 25 2024 (P2)	2024-06-25	HowardNew	plate_2
2024-06-25_HowardNew_plate_3	Tue Jun 25 2024 (P3)	2024-06-25	HowardNew	plate_3
2024-06-25_HowardNew_plate_4	Tue Jun 25 2024 (P4)	2024-06-25	HowardNew	plate_4
2024-06-25_HowardNew_plate_5	Tue Jun 25 2024 (P5)	2024-06-25	HowardNew	plate_5
2024-06-25_HowardNew_plate_6	Tue Jun 25 2024 (P6)	2024-06-25	HowardNew	plate_6
2024-06-25_HowardNew_plate_7	Tue Jun 25 2024 (P7)	2024-06-25	HowardNew	plate_7
2024-07-03_HowardNew_plate_1	Wed Jul 03 2024 (P1)	2024-07-03	HowardNew	plate_1
2024-07-03_HowardNew_plate_2	Wed Jul 03 2024 (P2)	2024-07-03	HowardNew	plate_2
2024-07-03_HowardNew_plate_3	Wed Jul 03 2024 (P3)	2024-07-03	HowardNew	plate_3
2024-07-03_HowardNew_plate_4	Wed Jul 03 2024 (P4)	2024-07-03	HowardNew	plate_4
2024-07-03_HowardNew_plate_5	Wed Jul 03 2024 (P5)	2024-07-03	HowardNew	plate_5
2024-07-03_HowardNew_plate_6	Wed Jul 03 2024 (P6)	2024-07-03	HowardNew	plate_6
2024-07-03_HowardNew_plate_7	Wed Jul 03 2024 (P7)	2024-07-03	HowardNew	plate_7
2024-07-03_HowardNew_plate_8	Wed Jul 03 2024 (P8)	2024-07-03	HowardNew	plate_8
2024-05-29_HowardNew_plate_1	Wed May 29 2024 (P1)	2024-05-29	HowardNew	plate_1
2024-05-29_HowardNew_plate_2	Wed May 29 2024 (P2)	2024-05-29	HowardNew	plate_2
2024-05-29_HowardNew_plate_3	Wed May 29 2024 (P3)	2024-05-29	HowardNew	plate_3
2024-05-29_HowardNew_plate_4	Wed May 29 2024 (P4)	2024-05-29	HowardNew	plate_4
2023-03-14_Vilanova_plate_1	2023-03-14 plate_1	2023-03-14	Vilanova	plate_1
2023-03-14_Vilanova_plate_2	2023-03-14 plate_2	2023-03-14	Vilanova	plate_2
2023-03-14_Vilanova_plate_3	2023-03-14 plate_3	2023-03-14	Vilanova	plate_3
2023-03-14_Vilanova_plate_4	2023-03-14 plate_4	2023-03-14	Vilanova	plate_4
2023-03-17_Vilanova_plate_1	2023-03-17 plate_1	2023-03-17	Vilanova	plate_1
2023-03-17_Vilanova_plate_2	2023-03-17 plate_2	2023-03-17	Vilanova	plate_2
2023-03-17_Vilanova_plate_3	2023-03-17 plate_3	2023-03-17	Vilanova	plate_3
2023-03-17_Vilanova_plate_4	2023-03-17 plate_4	2023-03-17	Vilanova	plate_4
2023-03-17_Vilanova_plate_5	2023-03-17 plate_5	2023-03-17	Vilanova	plate_5
2023-03-17_Vilanova_plate_6	2023-03-17 plate_6	2023-03-17	Vilanova	plate_6
2023-03-17_Vilanova_plate_7	2023-03-17 plate_7	2023-03-17	Vilanova	plate_7
2023-03-20_Vilanova_plate_1	2023-03-20 plate_1	2023-03-20	Vilanova	plate_1
2023-03-20_Vilanova_plate_2	2023-03-20 plate_2	2023-03-20	Vilanova	plate_2
2023-03-20_Vilanova_plate_3	2023-03-20 plate_3	2023-03-20	Vilanova	plate_3
2023-03-20_Vilanova_plate_4	2023-03-20 plate_4	2023-03-20	Vilanova	plate_4
2023-03-20_Vilanova_plate_5	2023-03-20 plate_5	2023-03-20	Vilanova	plate_5
2023-03-21_Vilanova_plate_1	2023-03-21 plate_1	2023-03-21	Vilanova	plate_1
2023-03-21_Vilanova_plate_2	2023-03-21 plate_2	2023-03-21	Vilanova	plate_2
2023-03-21_Vilanova_plate_3	2023-03-21 plate_3	2023-03-21	Vilanova	plate_3
2023-03-21_Vilanova_plate_4	2023-03-21 plate_4	2023-03-21	Vilanova	plate_4
2023-03-21_Vilanova_plate_5	2023-03-21 plate_5	2023-03-21	Vilanova	plate_5
2023-03-21_Vilanova_plate_6	2023-03-21 plate_6	2023-03-21	Vilanova	plate_6
2023-03-30_Vilanova_plate_1	2023-03-30 plate_1	2023-03-30	Vilanova	plate_1
2023-03-30_Vilanova_plate_2	2023-03-30 plate_2	2023-03-30	Vilanova	plate_2
2023-03-30_Vilanova_plate_3	2023-03-30 plate_3	2023-03-30	Vilanova	plate_3
2023-03-30_Vilanova_plate_4	2023-03-30 plate_4	2023-03-30	Vilanova	plate_4
2023-03-30_Vilanova_plate_5	2023-03-30 plate_5	2023-03-30	Vilanova	plate_5
2023-03-30_Vilanova_plate_6	2023-03-30 plate_6	2023-03-30	Vilanova	plate_6
2023-03-30_Vilanova_plate_7	2023-03-30 plate_7	2023-03-30	Vilanova	plate_7
2023-04-01_Vilanova_plate_1	2023-04-01 plate_1	2023-04-01	Vilanova	plate_1
2023-04-01_Vilanova_plate_2	2023-04-01 plate_2	2023-04-01	Vilanova	plate_2
2023-04-01_Vilanova_plate_3	2023-04-01 plate_3	2023-04-01	Vilanova	plate_3
2023-04-01_Vilanova_plate_4	2023-04-01 plate_4	2023-04-01	Vilanova	plate_4
2023-04-01_Vilanova_plate_5	2023-04-01 plate_5	2023-04-01	Vilanova	plate_5
2023-04-01_Vilanova_plate_6	2023-04-01 plate_6	2023-04-01	Vilanova	plate_6
2023-04-01_Vilanova_plate_7	2023-04-01 plate_7	2023-04-01	Vilanova	plate_7
2023-04-09_Vilanova_plate_1	2023-04-09 plate_1	2023-04-09	Vilanova	plate_1
2023-04-09_Vilanova_plate_2	2023-04-09 plate_2	2023-04-09	Vilanova	plate_2
2023-04-09_Vilanova_plate_3	2023-04-09 plate_3	2023-04-09	Vilanova	plate_3
2023-04-09_Vilanova_plate_4	2023-04-09 plate_4	2023-04-09	Vilanova	plate_4
2023-04-09_Vilanova_plate_5	2023-04-09 plate_5	2023-04-09	Vilanova	plate_5
2023-04-16_Vilanova_plate_1	2023-04-16 plate_1	2023-04-16	Vilanova	plate_1
2023-04-16_Vilanova_plate_2	2023-04-16 plate_2	2023-04-16	Vilanova	plate_2
2023-04-16_Vilanova_plate_3	2023-04-16 plate_3	2023-04-16	Vilanova	plate_3
2023-04-16_Vilanova_plate_4	2023-04-16 plate_4	2023-04-16	Vilanova	plate_4
2023-04-16_Vilanova_plate_5	2023-04-16 plate_5	2023-04-16	Vilanova	plate_5
2023-04-16_Vilanova_plate_6	2023-04-16 plate_6	2023-04-16	Vilanova	plate_6
2023-04-20_Vilanova_plate_1	2023-04-20 plate_1	2023-04-20	Vilanova	plate_1
2023-04-20_Vilanova_plate_2	2023-04-20 plate_2	2023-04-20	Vilanova	plate_2
2023-04-20_Vilanova_plate_3	2023-04-20 plate_3	2023-04-20	Vilanova	plate_3
2023-04-20_Vilanova_plate_4	2023-04-20 plate_4	2023-04-20	Vilanova	plate_4
2023-04-20_Vilanova_plate_5	2023-04-20 plate_5	2023-04-20	Vilanova	plate_5
2023-04-27_Vilanova_plate_1	2023-04-27 plate_1	2023-04-27	Vilanova	plate_1
2023-04-27_Vilanova_plate_2	2023-04-27 plate_2	2023-04-27	Vilanova	plate_2
2023-04-27_Vilanova_plate_3	2023-04-27 plate_3	2023-04-27	Vilanova	plate_3
2023-04-27_Vilanova_plate_4	2023-04-27 plate_4	2023-04-27	Vilanova	plate_4
2023-04-27_Vilanova_plate_5	2023-04-27 plate_5	2023-04-27	Vilanova	plate_5
2023-04-27_Vilanova_plate_6	2023-04-27 plate_6	2023-04-27	Vilanova	plate_6
2023-04-27_Vilanova_plate_7	2023-04-27 plate_7	2023-04-27	Vilanova	plate_7
2023-08-09_Vilanova_plate_1	2023-08-09 plate_1	2023-08-09	Vilanova	plate_1
2023-08-09_Vilanova_plate_2	2023-08-09 plate_2	2023-08-09	Vilanova	plate_2
2023-08-09_Vilanova_plate_3	2023-08-09 plate_3	2023-08-09	Vilanova	plate_3
2023-08-09_Vilanova_plate_4	2023-08-09 plate_4	2023-08-09	Vilanova	plate_4
2023-08-09_Vilanova_plate_5	2023-08-09 plate_5	2023-08-09	Vilanova	plate_5
2023-08-09_Vilanova_plate_6	2023-08-09 plate_6	2023-08-09	Vilanova	plate_6
2023-08-10_Vilanova_plate_1	2023-08-10 plate_1	2023-08-10	Vilanova	plate_1
2023-08-10_Vilanova_plate_2	2023-08-10 plate_2	2023-08-10	Vilanova	plate_2
2023-08-10_Vilanova_plate_3	2023-08-10 plate_3	2023-08-10	Vilanova	plate_3
2023-08-10_Vilanova_plate_4	2023-08-10 plate_4	2023-08-10	Vilanova	plate_4
2023-08-10_Vilanova_plate_5	2023-08-10 plate_5	2023-08-10	Vilanova	plate_5
2023-08-10_Vilanova_plate_6	2023-08-10 plate_6	2023-08-10	Vilanova	plate_6
2023-08-10_Vilanova_plate_7	2023-08-10 plate_7	2023-08-10	Vilanova	plate_7
2023-08-13_Vilanova_plate_1	2023-08-13 plate_1	2023-08-13	Vilanova	plate_1
2023-08-13_Vilanova_plate_2	2023-08-13 plate_2	2023-08-13	Vilanova	plate_2
2023-08-13_Vilanova_plate_3	2023-08-13 plate_3	2023-08-13	Vilanova	plate_3
2023-08-13_Vilanova_plate_4	2023-08-13 plate_4	2023-08-13	Vilanova	plate_4
2023-08-13_Vilanova_plate_5	2023-08-13 plate_5	2023-08-13	Vilanova	plate_5
2023-08-13_Vilanova_plate_6	2023-08-13 plate_6	2023-08-13	Vilanova	plate_6
2023-08-17_Vilanova_plate_1	2023-08-17 plate_1	2023-08-17	Vilanova	plate_1
2023-08-17_Vilanova_plate_2	2023-08-17 plate_2	2023-08-17	Vilanova	plate_2
2023-08-17_Vilanova_plate_3	2023-08-17 plate_3	2023-08-17	Vilanova	plate_3
2023-08-17_Vilanova_plate_4	2023-08-17 plate_4	2023-08-17	Vilanova	plate_4
2023-08-17_Vilanova_plate_5	2023-08-17 plate_5	2023-08-17	Vilanova	plate_5
2023-08-23_Vilanova_plate_1	2023-08-23 plate_1	2023-08-23	Vilanova	plate_1
2023-08-23_Vilanova_plate_2	2023-08-23 plate_2	2023-08-23	Vilanova	plate_2
2023-08-23_Vilanova_plate_3	2023-08-23 plate_3	2023-08-23	Vilanova	plate_3
2023-08-23_Vilanova_plate_4	2023-08-23 plate_4	2023-08-23	Vilanova	plate_4
2023-08-23_Vilanova_plate_5	2023-08-23 plate_5	2023-08-23	Vilanova	plate_5
2023-09-29_Vilanova_plate_1	2023-09-29 plate_1	2023-09-29	Vilanova	plate_1
2023-09-29_Vilanova_plate_2	2023-09-29 plate_2	2023-09-29	Vilanova	plate_2
2023-09-29_Vilanova_plate_3	2023-09-29 plate_3	2023-09-29	Vilanova	plate_3
2023-09-29_Vilanova_plate_4	2023-09-29 plate_4	2023-09-29	Vilanova	plate_4
2023-09-29_Vilanova_plate_5	2023-09-29 plate_5	2023-09-29	Vilanova	plate_5
2023-09-29_Vilanova_plate_6	2023-09-29 plate_6	2023-09-29	Vilanova	plate_6
2023-09-29_Vilanova_plate_7	2023-09-29 plate_7	2023-09-29	Vilanova	plate_7
2023-10-05_Vilanova_plate_1	2023-10-05 plate_1	2023-10-05	Vilanova	plate_1
2023-10-05_Vilanova_plate_2	2023-10-05 plate_2	2023-10-05	Vilanova	plate_2
2023-10-05_Vilanova_plate_3	2023-10-05 plate_3	2023-10-05	Vilanova	plate_3
2023-10-05_Vilanova_plate_4	2023-10-05 plate_4	2023-10-05	Vilanova	plate_4
2023-10-10_Vilanova_plate_1	2023-10-10 plate_1	2023-10-10	Vilanova	plate_1
2023-10-10_Vilanova_plate_2	2023-10-10 plate_2	2023-10-10	Vilanova	plate_2
2023-10-10_Vilanova_plate_3	2023-10-10 plate_3	2023-10-10	Vilanova	plate_3
2023-10-10_Vilanova_plate_4	2023-10-10 plate_4	2023-10-10	Vilanova	plate_4
2023-10-17_Vilanova_plate_1	2023-10-17 plate_1	2023-10-17	Vilanova	plate_1
2023-10-17_Vilanova_plate_2	2023-10-17 plate_2	2023-10-17	Vilanova	plate_2
2023-10-17_Vilanova_plate_3	2023-10-17 plate_3	2023-10-17	Vilanova	plate_3
2023-10-17_Vilanova_plate_4	2023-10-17 plate_4	2023-10-17	Vilanova	plate_4
2023-10-17_Vilanova_plate_5	2023-10-17 plate_5	2023-10-17	Vilanova	plate_5
2023-10-17_Vilanova_plate_6	2023-10-17 plate_6	2023-10-17	Vilanova	plate_6
2023-10-17_Vilanova_plate_7	2023-10-17 plate_7	2023-10-17	Vilanova	plate_7
2023-10-17_Vilanova_plate_8	2023-10-17 plate_8	2023-10-17	Vilanova	plate_8
2023-10-23_Vilanova_plate_1	2023-10-23 plate_1	2023-10-23	Vilanova	plate_1
2023-10-23_Vilanova_plate_2	2023-10-23 plate_2	2023-10-23	Vilanova	plate_2
2023-10-23_Vilanova_plate_3	2023-10-23 plate_3	2023-10-23	Vilanova	plate_3
2023-10-23_Vilanova_plate_4	2023-10-23 plate_4	2023-10-23	Vilanova	plate_4
2023-10-23_Vilanova_plate_5	2023-10-23 plate_5	2023-10-23	Vilanova	plate_5
2023-10-23_Vilanova_plate_6	2023-10-23 plate_6	2023-10-23	Vilanova	plate_6
2023-11-04_Vilanova_plate_1	2023-11-04 plate_1	2023-11-04	Vilanova	plate_1
2023-11-04_Vilanova_plate_2	2023-11-04 plate_2	2023-11-04	Vilanova	plate_2
2023-11-04_Vilanova_plate_3	2023-11-04 plate_3	2023-11-04	Vilanova	plate_3
2023-11-04_Vilanova_plate_4	2023-11-04 plate_4	2023-11-04	Vilanova	plate_4
2023-11-04_Vilanova_plate_5	2023-11-04 plate_5	2023-11-04	Vilanova	plate_5
2023-11-04_Vilanova_plate_6	2023-11-04 plate_6	2023-11-04	Vilanova	plate_6
2023-11-04_Vilanova_plate_7	2023-11-04 plate_7	2023-11-04	Vilanova	plate_7
2023-11-10_Vilanova_plate_1	2023-11-10 plate_1	2023-11-10	Vilanova	plate_1
2023-11-10_Vilanova_plate_2	2023-11-10 plate_2	2023-11-10	Vilanova	plate_2
2023-11-10_Vilanova_plate_3	2023-11-10 plate_3	2023-11-10	Vilanova	plate_3
2023-11-10_Vilanova_plate_4	2023-11-10 plate_4	2023-11-10	Vilanova	plate_4
2023-11-10_Vilanova_plate_5	2023-11-10 plate_5	2023-11-10	Vilanova	plate_5
2023-11-10_Vilanova_plate_6	2023-11-10 plate_6	2023-11-10	Vilanova	plate_6
2023-11-10_Vilanova_plate_7	2023-11-10 plate_7	2023-11-10	Vilanova	plate_7
2023-11-10_Vilanova_plate_8	2023-11-10 plate_8	2023-11-10	Vilanova	plate_8
2023-11-20_Vilanova_plate_1	2023-11-20 plate_1	2023-11-20	Vilanova	plate_1
2023-11-20_Vilanova_plate_2	2023-11-20 plate_2	2023-11-20	Vilanova	plate_2
2023-11-20_Vilanova_plate_3	2023-11-20 plate_3	2023-11-20	Vilanova	plate_3
2023-11-20_Vilanova_plate_4	2023-11-20 plate_4	2023-11-20	Vilanova	plate_4
2023-11-20_Vilanova_plate_5	2023-11-20 plate_5	2023-11-20	Vilanova	plate_5
2023-11-20_Vilanova_plate_6	2023-11-20 plate_6	2023-11-20	Vilanova	plate_6
2023-11-20_Vilanova_plate_7	2023-11-20 plate_7	2023-11-20	Vilanova	plate_7
2023-11-28_Vilanova_plate_1	2023-11-28 plate_1	2023-11-28	Vilanova	plate_1
2023-11-28_Vilanova_plate_2	2023-11-28 plate_2	2023-11-28	Vilanova	plate_2
2023-11-28_Vilanova_plate_3	2023-11-28 plate_3	2023-11-28	Vilanova	plate_3
2023-11-28_Vilanova_plate_4	2023-11-28 plate_4	2023-11-28	Vilanova	plate_4
2023-11-28_Vilanova_plate_5	2023-11-28 plate_5	2023-11-28	Vilanova	plate_5
2023-12-01_Vilanova_plate_1	2023-12-01 plate_1	2023-12-01	Vilanova	plate_1
2023-12-01_Vilanova_plate_2	2023-12-01 plate_2	2023-12-01	Vilanova	plate_2
2023-12-01_Vilanova_plate_3	2023-12-01 plate_3	2023-12-01	Vilanova	plate_3
2023-12-01_Vilanova_plate_4	2023-12-01 plate_4	2023-12-01	Vilanova	plate_4
2023-12-01_Vilanova_plate_5	2023-12-01 plate_5	2023-12-01	Vilanova	plate_5
2023-12-05_Vilanova_plate_1	2023-12-05 plate_1	2023-12-05	Vilanova	plate_1
2023-12-05_Vilanova_plate_2	2023-12-05 plate_2	2023-12-05	Vilanova	plate_2
2023-12-05_Vilanova_plate_3	2023-12-05 plate_3	2023-12-05	Vilanova	plate_3
2023-12-05_Vilanova_plate_4	2023-12-05 plate_4	2023-12-05	Vilanova	plate_4
2023-12-10_Vilanova_plate_1	2023-12-10 plate_1	2023-12-10	Vilanova	plate_1
2023-12-10_Vilanova_plate_2	2023-12-10 plate_2	2023-12-10	Vilanova	plate_2
2023-12-10_Vilanova_plate_3	2023-12-10 plate_3	2023-12-10	Vilanova	plate_3
2023-12-10_Vilanova_plate_4	2023-12-10 plate_4	2023-12-10	Vilanova	plate_4
2023-12-10_Vilanova_plate_5	2023-12-10 plate_5	2023-12-10	Vilanova	plate_5
2023-12-10_Vilanova_plate_6	2023-12-10 plate_6	2023-12-10	Vilanova	plate_6
2023-12-10_Vilanova_plate_7	2023-12-10 plate_7	2023-12-10	Vilanova	plate_7
2023-12-16_Vilanova_plate_1	2023-12-16 plate_1	2023-12-16	Vilanova	plate_1
2023-12-16_Vilanova_plate_2	2023-12-16 plate_2	2023-12-16	Vilanova	plate_2
2023-12-16_Vilanova_plate_3	2023-12-16 plate_3	2023-12-16	Vilanova	plate_3
2023-12-16_Vilanova_plate_4	2023-12-16 plate_4	2023-12-16	Vilanova	plate_4
2023-12-20_Vilanova_plate_1	2023-12-20 plate_1	2023-12-20	Vilanova	plate_1
2023-12-20_Vilanova_plate_2	2023-12-20 plate_2	2023-12-20	Vilanova	plate_2
2023-12-20_Vilanova_plate_3	2023-12-20 plate_3	2023-12-20	Vilanova	plate_3
2023-12-20_Vilanova_plate_4	2023-12-20 plate_4	2023-12-20	Vilanova	plate_4
2023-12-20_Vilanova_plate_5	2023-12-20 plate_5	2023-12-20	Vilanova	plate_5
2023-12-22_Vilanova_plate_1	2023-12-22 plate_1	2023-12-22	Vilanova	plate_1
2023-12-22_Vilanova_plate_2	2023-12-22 plate_2	2023-12-22	Vilanova	plate_2
2023-12-22_Vilanova_plate_3	2023-12-22 plate_3	2023-12-22	Vilanova	plate_3
2023-12-22_Vilanova_plate_4	2023-12-22 plate_4	2023-12-22	Vilanova	plate_4
2023-12-22_Vilanova_plate_5	2023-12-22 plate_5	2023-12-22	Vilanova	plate_5
2023-12-22_Vilanova_plate_6	2023-12-22 plate_6	2023-12-22	Vilanova	plate_6
